"nc":"NOCENTRO","mu":"nodata"
"nc":"VERO-ALCANADRE","mu":"Adahuesca"
"nc":"ASUNCIÓN PAÑART MONTANER","mu":"Aínsa"
"nc":"JOSÉ MANUEL BLECUA","mu":"Alcolea de Cinca"
"nc":"SANTOS SAMPER SARASA","mu":"Almudévar"
"nc":"RAMÓN Y CAJAL","mu":"Ayerbe"
"nc":"FRANCISCO GALIAY SARAÑANA","mu":"Ballobar"
"nc":"ALTO ARAGÓN","mu":"Barbastro"
"nc":"LA MERCED","mu":"Barbastro"
"nc":"SAN VICENTE DE PAÚL","mu":"Barbastro"
"nc":"SAN JOSÉ DE CALASANZ","mu":"Barbastro"
"nc":"HERMANOS ARGENSOLA","mu":"Barbastro"
"nc":"VÍCTOR MENDOZA MENDOZA","mu":"Binéfar"
"nc":"VIRGEN DEL ROMERAL","mu":"Binéfar"
"nc":"VIRGEN DE LA SOLEDAD","mu":"Bolea"
"nc":"ALTO ARA","mu":"Broto"
"nc":"CERBÍN","mu":"Campo"
"nc":"LOS ARAÑONES","mu":"Canfranc-Estación"
"nc":"RAMÓN J. SENDER","mu":"Chalamera"
"nc":"MIGUEL SERVET","mu":"Fraga"
"nc":"SAN JOSÉ DE CALASANZ","mu":"Fraga"
"nc":"SANTA ANA","mu":"Fraga"
"nc":"LITERA","mu":"Litera"
"nc":"RAMÓN J. SENDER","mu":"Fraga"
"nc":"LA FUEVA","mu":"Tierrantona"
"nc":"SANTIAGO APÓSTOL","mu":"Grañén"
"nc":"JOAQUÍN COSTA","mu":"Graus"
"nc":"BALTASAR GRACIÁN","mu":"Graus"
"nc":"JUAN XXIII","mu":"Huesca"
"nc":"PÍO XII","mu":"Huesca"
"nc":"SANCHO RAMÍREZ","mu":"Huesca"
"nc":"SAN VICENTE","mu":"Huesca"
"nc":"SANTA ANA","mu":"Huesca"
"nc":"SAN BERNARDO","mu":"Huesca"
"nc":"SANTA ROSA - ALTOARAGÓN","mu":"Huesca"
"nc":"SAN VIATOR","mu":"Huesca"
"nc":"MONTEARAGÓN","mu":"Huesca"
"nc":"RAMÓN Y CAJAL","mu":"Huesca"
"nc":"PIRÁMIDE","mu":"Huesca"
"nc":"SIERRA DE GUARA","mu":"Huesca"
"nc":"ALCORAZ","mu":"Huesca"
"nc":"SAN JUAN DE LA PEÑA","mu":"Jaca"
"nc":"ESCUELAS PÍAS","mu":"Jaca"
"nc":"DOMINGO MIRAL","mu":"Jaca"
"nc":"INSTITUTO DE FORMACIÓN AGROAMBIENTAL","mu":"Jaca"
"nc":"MONEGROS NORTE","mu":"Lanaja"
"nc":"SAN GINÉS","mu":"Lupiñén"
"nc":"JOAQUÍN COSTA","mu":"Monzón"
"nc":"SANTO DOMINGO SAVIO","mu":"Monzón"
"nc":"SANTA ANA","mu":"Monzón"
"nc":"MINTE","mu":"Monzón"
"nc":"JOSÉ MOR DE FUENTES","mu":"Monzón"
"nc":"SAN GREGORIO","mu":"Ontiñena"
"nc":"CINCA-CINQUETA","mu":"Plan"
"nc":"MONTECORONA","mu":"Sabiñánigo"
"nc":"PUENTE SARDAS","mu":"Sabiñánigo"
"nc":"SANTA ANA","mu":"Sabiñánigo"
"nc":"SAN ALBERTO MAGNO","mu":"Sabiñánigo"
"nc":"MIGUEL SERVET","mu":"Senegüé"
"nc":"LA LAGUNA","mu":"Sariñena"
"nc":"ALBERTO GALINDO","mu":"Sena"
"nc":"SAN MIGUEL","mu":"Tamarite de Litera"
"nc":"COLLARADA","mu":"Villanúa"
"nc":"MIGUEL SERVET","mu":"Villanueva de Sigena"
"nc":"SAN JUAN BAUTISTA","mu":"Zaidín"
"nc":"MARTÍNEZ VARGAS","mu":"Barbastro"
"nc":"EL PARQUE","mu":"Huesca"
"nc":"LUCAS MALLADA","mu":"Huesca"
"nc":"MONTE OROEL","mu":"Jaca"
"nc":"ARAGÓN","mu":"Monzón"
"nc":"BAJO CINCA","mu":"Fraga"
"nc":"BIELLO ARAGÓN","mu":"Sabiñánigo"
"nc":"PEDRO I","mu":"Barbastro"
"nc":"NTRA. SRA. DE GUAYENTE","mu":"Sahún"
"nc":"MONEGROS-GASPAR LAX","mu":"Sariñena"
"nc":"VIRGEN DE LOS RÍOS","mu":"Caldearenas"
"nc":"SAN LORENZO","mu":"Huesca"
"nc":"ESCUELA DE ARTE DE HUESCA","mu":"Huesca"
"nc":"LA ALEGRÍA","mu":"Monzón"
"nc":"PEDRO J. RUBIO","mu":"Huesca"
"nc":"VALLE DEL GUARGA","mu":"Aineto"
"nc":"SIERRA DE SAN QUÍLEZ","mu":"Binéfar"
"nc":"LA LLITERA","mu":"Tamarite de Litera"
"nc":"SOBRARBE","mu":"Aínsa"
"nc":"DE PAÚLES DE SARSA","mu":"Paúles de Sarsa"
"nc":"LA LLITERA","mu":"Albelda"
"nc":"MONTESNEGROS","mu":"Peñalba"
"nc":"A REDOLADA","mu":"Peralta de Alcofea"
"nc":"BAJA RIBAGORZA","mu":"Capella"
"nc":"ESTADILLA-FONZ","mu":"Fonz"
"nc":"MONTEARAGÓN","mu":"Chimillas"
"nc":"ALTO GÁLLEGO","mu":"Biescas"
"nc":"EL TRÉBOL","mu":"Binaced"
"nc":"PIRINEOS","mu":"Jaca"
"nc":"RÍO ARAGÓN","mu":"Santa Cilia"
"nc":"RIBERA DEL CINCA","mu":"Torrente de Cinca"
"nc":"DE ALTORRICÓN","mu":"Altorricón"
"nc":"ARCO IRIS","mu":"Conchel"
"nc":"ALBEOS","mu":"Belver de Cinca"
"nc":"VIOLADA MONEGROS","mu":"Tardienta"
"nc":"LA SABINA","mu":"Robres"
"nc":"MONEGROS-HOYA","mu":"Lalueza"
"nc":"ALTA RIBAGORZA","mu":"Benasque"
"nc":"PIRÁMIDE","mu":"Almudévar"
"nc":"DE CASTEJÓN DE SOS","mu":"Castejón de Sos"
"nc":"MONTES NEGROS","mu":"Grañén"
"nc":"CINCA-ALCANADRE","mu":"Alcolea de Cinca"
"nc":"BIELLO ARAGÓN","mu":"Biescas"
"nc":"VALLE DE BENASQUE","mu":"Benasque"
"nc":"SAN JORGE","mu":"Huesca"
"nc":"PIRINEOS-PYRÉNÉES","mu":"Huesca"
"nc":"PIRÁMIDE","mu":"Huesca"
"nc":"MONZÓN III","mu":"Monzón"
"nc":"MARÍA MOLINER","mu":"Fraga"
"nc":"KATIA ACÍN","mu":"Binéfar"
"nc":"BENABARRE","mu":"Benabarre"
"nc":"ARÉN","mu":"Arén"
"nc":"MONTANUY","mu":"Montanuy"
"nc":"ROMÁN GARCÍA","mu":"Albalate del Arzobis"
"nc":"EMILIO DÍAZ","mu":"Alcañiz"
"nc":"SAN VALERO","mu":"Alcañiz"
"nc":"LA INMACULADA","mu":"Alcañiz"
"nc":"EL JUSTICIA DE ARAGÓN","mu":"Alcorisa"
"nc":"JUAN RAMÓN ALEGRE","mu":"Andorra"
"nc":"RICARDO MALLÉN","mu":"Calamocha"
"nc":"VIRGEN DEL PILAR","mu":"Calanda"
"nc":"ASTRÓNOMO ZARZOSO","mu":"Cella"
"nc":"ANTONIO GARGALLO MOYA","mu":"Escucha"
"nc":"LUIS TURÓN","mu":"Híjar"
"nc":"VALERO SERRANO","mu":"Mas de las Matas"
"nc":"NTRA. SRA. DEL PILAR","mu":"Monreal del Campo"
"nc":"COMARCA CUENCAS MINERAS","mu":"Montalbán"
"nc":"SAN MIGUEL","mu":"Mora de Rubielos"
"nc":"TERUEL UNO","mu":"Perales del Alfambra"
"nc":"DE SARRIÓN","mu":"Sarrión"
"nc":"DE SAN BLAS","mu":"San Blas"
"nc":"LA SALLE-SAN JOSÉ","mu":"Teruel"
"nc":"LAS VIÑAS","mu":"Teruel"
"nc":"PIERRES VEDEL","mu":"Teruel"
"nc":"MIGUEL VALLÉS","mu":"Teruel"
"nc":"LAS ANEJAS","mu":"Teruel"
"nc":"VICTORIA DÍEZ","mu":"Teruel"
"nc":"LA PURÍSIMA Y SANTOS MÁRTIRES","mu":"Teruel"
"nc":"SANTA EMERENCIANA","mu":"Teruel"
"nc":"SEGUNDO DE CHOMÓN","mu":"Teruel"
"nc":"VEGA DEL TURIA","mu":"Teruel"
"nc":"FRANCÉS DE ARANDA","mu":"Teruel"
"nc":"ARBOLEDA","mu":"Teruel"
"nc":"ENSANCHE","mu":"Teruel"
"nc":"ESCUELA DE ARTE DE TERUEL","mu":"Teruel"
"nc":"VILLA DE UTRILLAS","mu":"Utrillas"
"nc":"VICENTE FERRER RAMOS","mu":"Valderrobres"
"nc":"VALLE DEL JILOCA","mu":"Calamocha"
"nc":"GLORIA FUERTES","mu":"Andorra"
"nc":"PEDRO LAÍN ENTRALGO","mu":"Híjar"
"nc":"LA FUENFRESCA","mu":"Teruel"
"nc":"REGALLO","mu":"Puigmoreno"
"nc":"JAVALAMBRE","mu":"Manzanera"
"nc":"SIERRA DE ALBARRACÍN","mu":"Tramacastilla"
"nc":"FERNANDO LÁZARO CARRETER","mu":"Utrillas"
"nc":"MANUEL FRANCO ROYO","mu":"Andorra"
"nc":"MATARRAÑA","mu":"Valderrobres"
"nc":"MAESTRAZGO GÚDAR","mu":"Mosqueruela"
"nc":"TURIA","mu":"San Blas"
"nc":"PABLO SERRANO","mu":"Andorra"
"nc":"SALVADOR VICTORIA","mu":"Monreal del Campo"
"nc":"PABLO ANTONIO CRESPO","mu":"Aliaga"
"nc":"GOYA","mu":"Caminreal"
"nc":"ALTO MAESTRAZGO","mu":"Cantavieja"
"nc":"SOMONTANO-BAJO ARAGÓN","mu":"Mata de los Olmos (L"
"nc":"PALMIRA PLÁ","mu":"Cedrillas"
"nc":"ARIÑO-ALLOZA","mu":"Ariño"
"nc":"OLEA","mu":"Castellote"
"nc":"ALIFARA","mu":"Fresneda (La)"
"nc":"TASTAVÍNS","mu":"Peñarroya de Tastavi"
"nc":"DE MARTÍN DEL RÍO","mu":"Martín del Río"
"nc":"DE MUNIESA","mu":"Muniesa"
"nc":"PÓRTICO DE ARAGÓN","mu":"Rubielos de Mora"
"nc":"DE ALBARRACÍN","mu":"Albarracín"
"nc":"BAJO MARTÍN","mu":"Puebla de Híjar (La)"
"nc":"DEL MEZQUÍN","mu":"Castelserás"
"nc":"MATARRANYA","mu":"Calaceite"
"nc":"CUNA DEL JILOCA","mu":"Santa Eulalia"
"nc":"DAMIÁN FORMENT","mu":"Alcorisa"
"nc":"VALLE DEL GUADALOPE","mu":"Calanda"
"nc":"GÚDAR-JAVALAMBRE","mu":"Mora de Rubielos"
"nc":"SIERRA PALOMERA","mu":"Cella"
"nc":"ALGARS","mu":"Cretas"
"nc":"CAMPO BELLO","mu":"Bello"
"nc":"EL POYO DEL CID","mu":"Poyo del Cid (El)"
"nc":"BAJO ARAGÓN","mu":"Alcañiz"
"nc":"SEGUNDO DE CHOMÓN","mu":"Cantavieja"
"nc":"LOBETANO","mu":"Albarracín"
"nc":"ESCUELA DE HOSTELERÍA DE TERUEL","mu":"Teruel"
"nc":"JUAN SOBRARIAS","mu":"Alcañiz"
"nc":"JUAN LORENZO PALMIRENO","mu":"Alcañiz"
"nc":"BAJO ARAGÓN","mu":"Alcañiz"
"nc":"BRONCHALES-ORIHUELA","mu":"Orihuela del Tremeda"
"nc":"ARAGÓN","mu":"Alagón"
"nc":"NTRA. SRA DEL CASTILLO","mu":"Alagón"
"nc":"CONDE ARANDA","mu":"Alagón"
"nc":"BRIANDA DE LUNA","mu":"Alfajarín"
"nc":"ARZOBISPO DOMÉNECH","mu":"Almonacid de la Sier"
"nc":"NERTÓBRIGA","mu":"Almunia de Doña Godi"
"nc":"SALESIANOS LAVIAGA-CASTILLO","mu":"Almunia de Doña Godi"
"nc":"RAMÓN Y CAJAL","mu":"Alpartir"
"nc":"VIRGEN DE LA PEANA","mu":"Ateca"
"nc":"BELIA","mu":"Belchite"
"nc":"CAMPO DE BORJA","mu":"Borja"
"nc":"SANTA ANA","mu":"Borja"
"nc":"JUAN DE LANUZA","mu":"Borja"
"nc":"DIPUTACIÓN PROVINCIAL","mu":"Brea de Aragón"
"nc":"BALTASAR GRACIÁN","mu":"Calatayud"
"nc":"FRANCISCO DE GOYA","mu":"Calatayud"
"nc":"SALVADOR MINGUIJÓN","mu":"Calatayud"
"nc":"SANTA ANA","mu":"Calatayud"
"nc":"LEONARDO DE CHABACIER","mu":"Calatayud"
"nc":"EMILIO JIMENO","mu":"Calatayud"
"nc":"DOMINGO JIMÉNEZ BELTRÁN","mu":"Calatorao"
"nc":"SANTO CRISTO DE SANTIAGO","mu":"Cariñena"
"nc":"JOAQUÍN COSTA","mu":"Cariñena"
"nc":"COMPROMISO DE CASPE","mu":"Caspe"
"nc":"SANTA ANA","mu":"Caspe"
"nc":"LUCIO FABIO SEVERO","mu":"Chiprana"
"nc":"PEDRO SÁNCHEZ CIRUELO","mu":"Daroca"
"nc":"CERVANTES","mu":"Ejea de los Caballeros"
"nc":"FERRER Y RACAJ","mu":"Ejea de los Caballeros"
"nc":"NTRA. SRA. DE LAS MERCEDES","mu":"Ejea de los Caballeros"
"nc":"E.F.A. BOALARES","mu":"Ejea de los Caballeros"
"nc":"REYES CATÓLICOS","mu":"Ejea de los Caballeros"
"nc":"GASPAR REMIRO","mu":"Épila"
"nc":"SAN JAVIER","mu":"Escatrón"
"nc":"NTRA. SRA. DEL PILAR","mu":"Fayón"
"nc":"LUIS GARCÍA SÁINZ","mu":"Fuentes de Ebro"
"nc":"MARÍA DOMÍNGUEZ","mu":"Gallur"
"nc":"SAN JORGE","mu":"Herrera de los Navar"
"nc":"BENEDICTO XIII","mu":"Illueca"
"nc":"RAMÓN Y CAJAL","mu":"Joyosa (La)"
"nc":"VIRGEN DEL PORTAL","mu":"Maella"
"nc":"MANLIA","mu":"Mallén"
"nc":"MARÍA QUINTANA","mu":"Mequinenza"
"nc":"LUCAS ARRIBAS","mu":"Morata de Jalón"
"nc":"SAN NICASIO","mu":"Novillas"
"nc":"LA PORTALADA","mu":"Pastriz"
"nc":"CERVANTES","mu":"Pedrola"
"nc":"SANTA MARÍA DE LA ESPERANZA","mu":"Pina de Ebro"
"nc":"MIGUEL ARTIGAS","mu":"Pinseque"
"nc":"E.F.A. LA NORIA","mu":"Pinseque"
"nc":"JOAQUÍN COSTA","mu":"Pradilla de Ebro"
"nc":"LOS ALBARES","mu":"Puebla de Alfindén ("
"nc":"FERNANDO EL CATÓLICO","mu":"Quinto"
"nc":"ALFREDO MUIÑOS","mu":"Remolinos"
"nc":"MAESTRO MONREAL","mu":"Ricla"
"nc":"DANIEL FEDERIO","mu":"Sástago"
"nc":"SUBPRADEL","mu":"Sobradiel"
"nc":"ISIDORO GIL DE JAZ","mu":"Sos del Rey Católico"
"nc":"JOAQUÍN COSTA","mu":"Tarazona"
"nc":"SAGRADA FAMILIA","mu":"Tarazona"
"nc":"NTRA. SRA. DEL PILAR","mu":"Tarazona"
"nc":"MONCAYO","mu":"Tarazona"
"nc":"ALFONSO I EL BATALLADOR","mu":"Tauste"
"nc":"MONTES DEL CASTELLAR","mu":"Torres de Berrellén"
"nc":"TOSOS","mu":"Tosos"
"nc":"DE UNDUÉS DE LERDA","mu":"Undués de Lerda"
"nc":"MIGUEL ARTAZOS TAMÉ","mu":"Utebo"
"nc":"PINTOR PRADILLA","mu":"Villanueva de Gálleg"
"nc":"SAN BLAS","mu":"Villanueva de Huerva"
"nc":"FERNANDO EL CATÓLICO","mu":"Villarreal de Huerva"
"nc":"ÁNGEL ESCORIAZA","mu":"Cartuja Baja"
"nc":"VIRGEN DE GUADALUPE","mu":"Zaragoza"
"nc":"SAGRADA FAMILIA","mu":"Zaragoza"
"nc":"MADRE MARÍA ROSA MOLAS","mu":"Zaragoza"
"nc":"RICARDO MUR","mu":"Casetas"
"nc":"SAN MIGUEL","mu":"Casetas"
"nc":"GUSTAVO ADOLFO BÉCQUER","mu":"Garrapinillos"
"nc":"JULIÁN NIETO TAPIA","mu":"Zaragoza"
"nc":"SAN ANTONIO","mu":"Zaragoza"
"nc":"HERMANOS ARGENSOLA","mu":"Montañana"
"nc":"FERNÁNDEZ VIZARRA","mu":"Monzalbarba"
"nc":"MAESTRO DON PEDRO ORÓS","mu":"Movera"
"nc":"JUAN PABLO BONET","mu":"Movera"
"nc":"DE MOVERA","mu":"Movera"
"nc":"FLORENCIO JARDIEL","mu":"Peñaflor"
"nc":"ANDRÉS OLIVÁN","mu":"San Juan de Mozarrif"
"nc":"GUILLERMO FATÁS","mu":"Zaragoza"
"nc":"LA CONCEPCIÓN","mu":"Zaragoza"
"nc":"ÍTACA","mu":"Zaragoza"
"nc":"CONDES DE ARAGÓN","mu":"Venta del Olivar"
"nc":"MARIANO CASTILLO","mu":"Villamayor"
"nc":"ANA MAYAYO","mu":"Zaragoza"
"nc":"ANDRÉS MANJÓN","mu":"Zaragoza"
"nc":"RECARTE Y ORNAT","mu":"Zaragoza"
"nc":"CÁNDIDO DOMINGO","mu":"Zaragoza"
"nc":"DOMINGO MIRAL","mu":"Zaragoza"
"nc":"FERNANDO EL CATÓLICO","mu":"Zaragoza"
"nc":"GASCÓN Y MARÍN","mu":"Zaragoza"
"nc":"JERÓNIMO BLANCAS Y TOMÁS","mu":"Zaragoza"
"nc":"JERÓNIMO ZURITA Y CASTRO","mu":"Zaragoza"
"nc":"JOAQUÍN COSTA","mu":"Zaragoza"
"nc":"JOSÉ MARÍA MIR","mu":"Zaragoza"
"nc":"LA JOTA","mu":"Zaragoza"
"nc":"JULIÁN SANZ IBÁÑEZ","mu":"Zaragoza"
"nc":"LUIS VIVES","mu":"Zaragoza"
"nc":"MARCOS FRECHÍN","mu":"Zaragoza"
"nc":"SAN BRAULIO","mu":"Zaragoza"
"nc":"SANTO DOMINGO","mu":"Zaragoza"
"nc":"SAN JOSÉ DE CALASANZ","mu":"Zaragoza"
"nc":"TÍO JORGE","mu":"Zaragoza"
"nc":"CALIXTO ARIÑO-HILARIO VAL","mu":"Zaragoza"
"nc":"EMILIO MORENO CALVETE","mu":"Zaragoza"
"nc":"HILARIÓN GIMENO","mu":"Zaragoza"
"nc":"JUAN XXIII","mu":"Zaragoza"
"nc":"TOMÁS ALVIRA","mu":"Zaragoza"
"nc":"BASILIO PARAÍSO","mu":"Zaragoza"
"nc":"VIRGEN DEL PILAR","mu":"Zaragoza"
"nc":"LA ALMOZARA","mu":"Zaragoza"
"nc":"LA ANUNCIATA","mu":"Zaragoza"
"nc":"EL BUEN PASTOR","mu":"Zaragoza"
"nc":"CALASANCIO","mu":"Zaragoza"
"nc":"CALASANZ","mu":"Zaragoza"
"nc":"CARDENAL XAVIERRE","mu":"Zaragoza"
"nc":"CANTÍN Y GAMBOA","mu":"Zaragoza"
"nc":"COLEGIO MONTESSORI","mu":"Zaragoza"
"nc":"COMPAÑÍA DE MARÍA","mu":"Zaragoza"
"nc":"CRISTO REY","mu":"Zaragoza"
"nc":"DON BOSCO","mu":"Zaragoza"
"nc":"ESCUELAS PÍAS","mu":"Zaragoza"
"nc":"ESCOLAPIAS SANTA ENGRACIA","mu":"Zaragoza"
"nc":"PADRE ENRIQUE DE OSSÓ","mu":"Zaragoza"
"nc":"MARÍA INMACULADA","mu":"Zaragoza"
"nc":"LA SALLE FRANCISCANAS","mu":"Zaragoza"
"nc":"HIJAS DE SAN JOSÉ","mu":"Zaragoza"
"nc":"INMACULADA CONCEPCIÓN","mu":"Zaragoza"
"nc":"MARÍA AUXILIADORA","mu":"Zaragoza"
"nc":"LA MILAGROSA","mu":"Zaragoza"
"nc":"AGUSTÍN GERICÓ","mu":"Zaragoza"
"nc":"NTRA. SRA. DEL CARMEN","mu":"Zaragoza"
"nc":"NTRA. SRA. DEL CARMEN Y SAN JOSÉ","mu":"Zaragoza"
"nc":"NTRA. SRA. DE LA MERCED","mu":"Zaragoza"
"nc":"SALESIANO NTRA. SRA.DEL PILAR","mu":"Zaragoza"
"nc":"TERESIANO DEL PILAR","mu":"Zaragoza"
"nc":"EL PILAR-MARISTAS","mu":"Zaragoza"
"nc":"POMPILIANO","mu":"Zaragoza"
"nc":"LA PURÍSIMA PARA NIÑOS SORDOS","mu":"Zaragoza"
"nc":"LA PURÍSIMA Y SAN ANTONIO","mu":"Zaragoza"
"nc":"SAGRADO CORAZÓN","mu":"Zaragoza"
"nc":"SAGRADO CORAZÓN DE JESÚS","mu":"Zaragoza"
"nc":"LA SALLE FRANCISCANAS GRAN VÍA","mu":"Zaragoza"
"nc":"LA SALLE MONTEMOLÍN","mu":"Zaragoza"
"nc":"LA SALLE-SANTO ANGEL","mu":"Zaragoza"
"nc":"SAN AGUSTÍN","mu":"Zaragoza"
"nc":"SAN ANTONIO DE PADUA","mu":"Zaragoza"
"nc":"ATADES, CENTRO DE EDUCACIÓN ESPECIAL SAN MARTÍN DE PORRES","mu":"Zaragoza"
"nc":"SAN VALERO","mu":"Zaragoza"
"nc":"SAN VICENTE DE PAÚL","mu":"Zaragoza"
"nc":"SANTA ANA","mu":"Zaragoza"
"nc":"SANTA MAGDALENA SOFÍA","mu":"Zaragoza"
"nc":"SANTA MARÍA DEL PILAR","mu":"Zaragoza"
"nc":"SANTA MARÍA REINA","mu":"Zaragoza"
"nc":"SANTA ROSA","mu":"Zaragoza"
"nc":"OBRA DIOCESANA SANTO DOMINGO DE SILOS","mu":"Zaragoza"
"nc":"VILLA CRUZ","mu":"Zaragoza"
"nc":"BAJO ARAGÓN","mu":"Zaragoza"
"nc":"CORONA DE ARAGÓN","mu":"Zaragoza"
"nc":"EUGENIO LÓPEZ Y LÓPEZ","mu":"Zaragoza"
"nc":"MIGUEL SERVET","mu":"Zaragoza"
"nc":"RAMÓN PIGNATELLI","mu":"Zaragoza"
"nc":"GOYA","mu":"Zaragoza"
"nc":"JERÓNIMO ZURITA","mu":"Zaragoza"
"nc":"PEDRO DE LUNA","mu":"Zaragoza"
"nc":"ROMAREDA","mu":"Zaragoza"
"nc":"CESÁREO ALIERTA","mu":"Zaragoza"
"nc":"DOCTOR AZÚA","mu":"Zaragoza"
"nc":"CÉSAR AUGUSTO","mu":"Zaragoza"
"nc":"MARGARITA SALAS","mu":"Zaragoza"
"nc":"EL PORTILLO","mu":"Zaragoza"
"nc":"LUIS BUÑUEL","mu":"Zaragoza"
"nc":"ESCUELA DE ARTE DE ZARAGOZA","mu":"Zaragoza"
"nc":"ODÓN DE BUEN","mu":"Zuera"
"nc":"NTRA. SRA. DEL PILAR","mu":"Zuera"
"nc":"SAN GABRIEL","mu":"Zuera"
"nc":"E.F.A. EL SALTO","mu":"Zuera"
"nc":"CEDES","mu":"San Gregorio"
"nc":"MARÍA MOLINER","mu":"Zaragoza"
"nc":"CEFOR IZQUIERDO","mu":"Zaragoza"
"nc":"AUGUSTA BÍLBILIS","mu":"Calatayud"
"nc":"RECTOR MAMÉS ESPERABÉ","mu":"Ejea de los Caballeros"
"nc":"RAMIRO SOLÁNS","mu":"Zaragoza"
"nc":"RÍO ARBA","mu":"Tauste"
"nc":"SANTA ENGRACIA","mu":"Santa Engracia"
"nc":"SAN GERMÁN","mu":"Zaragoza"
"nc":"RAMÓN Y CAJAL","mu":"Cuarte de Huerva"
"nc":"ANTONIO MACHADO","mu":"Venta del Olivar"
"nc":"PLUS ULTRA","mu":"Zaragoza"
"nc":"CINCO VILLAS","mu":"Ejea de los Caballeros"
"nc":"JOSÉ MANUEL BLECUA","mu":"Zaragoza"
"nc":"PABLO GARGALLO","mu":"Zaragoza"
"nc":"TORRE RAMONA","mu":"Zaragoza"
"nc":"FÉLIX DE AZARA","mu":"Zaragoza"
"nc":"SANTA AGATOCLIA","mu":"Mequinenza"
"nc":"AVEMPACE","mu":"Zaragoza"
"nc":"JOSÉ CAMÓN AZNAR","mu":"Zaragoza"
"nc":"ZALFONADA","mu":"Zaragoza"
"nc":"TENERÍAS","mu":"Zaragoza"
"nc":"LAS FUENTES","mu":"Zaragoza"
"nc":"GLORIA ARENILLAS","mu":"Zaragoza"
"nc":"MARÍA MOLINER","mu":"Zaragoza"
"nc":"LOS PUEYOS","mu":"Villamayor"
"nc":"RAMÓN SÁINZ DE VARANDA","mu":"Zaragoza"
"nc":"BENJAMÍN JARNÉS","mu":"Fuentes de Ebro"
"nc":"RÍO GÁLLEGO","mu":"Zaragoza"
"nc":"MIRAFLORES","mu":"Zaragoza"
"nc":"GALLICUM","mu":"Zuera"
"nc":"MARÍA SORIANO","mu":"Zaragoza"
"nc":"LA ESTRELLA","mu":"Zaragoza"
"nc":"ANTONIO MARTÍNEZ GARAY","mu":"Casetas"
"nc":"ACADEMIA MARCO","mu":"Zaragoza"
"nc":"MONSALUD","mu":"Zaragoza"
"nc":"ALAÚN","mu":"Alagón"
"nc":"PEDRO CERRADA","mu":"Utebo"
"nc":"PABLO SERRANO","mu":"Zaragoza"
"nc":"MIRALBUENO","mu":"Zaragoza"
"nc":"CONDES DE ARAGÓN","mu":"Zaragoza"
"nc":"HERMANOS MARX","mu":"Zaragoza"
"nc":"HISPANIDAD","mu":"Zaragoza"
"nc":"PUERTA DE SANCHO","mu":"Zaragoza"
"nc":"SANTA ANA","mu":"Mainar"
"nc":"EL SALVADOR","mu":"Zaragoza"
"nc":"COMUNIDAD DE DAROCA","mu":"Daroca"
"nc":"INFANTA ELENA","mu":"Utebo"
"nc":"FRANCISCO GRANDE COVIÁN","mu":"Zaragoza"
"nc":"LOS ENLACES","mu":"Zaragoza"
"nc":"ALBORADA","mu":"Zaragoza"
"nc":"RÍO EBRO","mu":"Zaragoza"
"nc":"CIUDAD DE ZARAGOZA","mu":"Zaragoza"
"nc":"CORTES DE ARAGÓN","mu":"Zaragoza"
"nc":"SANTIAGO HERNÁNDEZ","mu":"Zaragoza"
"nc":"TIEMPOS MODERNOS","mu":"Zaragoza"
"nc":"CABAÑAS","mu":"Almunia de Doña Godi"
"nc":"ELAIOS","mu":"Zaragoza"
"nc":"PILAR LORENGAR","mu":"Zaragoza"
"nc":"ALEJO LORÉN ALBAREDA","mu":"Caspe"
"nc":"ANDALÁN","mu":"Zaragoza"
"nc":"MIGUEL DE MOLINOS","mu":"Zaragoza"
"nc":"SIERRA DE LA VIRGEN","mu":"Illueca"
"nc":"MEDINA ALBAIDA","mu":"Zaragoza"
"nc":"RODANAS","mu":"Épila"
"nc":"ÁNGEL SANZ BRIZ","mu":"Casetas"
"nc":"SIGLO XXI","mu":"Pedrola"
"nc":"SAGRADO CORAZÓN-MONCAYO","mu":"Zaragoza"
"nc":"CUEVAS DEL JALÓN","mu":"Lumpiaque"
"nc":"EL ENEBRO","mu":"Sabiñán"
"nc":"ARANDA-ISUELA","mu":"Gotor"
"nc":"TRES RIBERAS","mu":"Maluenda"
"nc":"RÍO RIBOTA","mu":"Aniñón"
"nc":"EL MIRADOR","mu":"Villalengua"
"nc":"MESA-PIEDRA-ALTO CAMPILLO","mu":"Ibdes"
"nc":"CERRO DE SANTA CRUZ","mu":"Used"
"nc":"L' ALBARDÍN","mu":"Azuara"
"nc":"MONLORA","mu":"Erla"
"nc":"BÉCQUER","mu":"Novallas"
"nc":"ÍNSULA BARATARIA","mu":"Luceni"
"nc":"LUIS BUÑUEL","mu":"Pinsoro"
"nc":"ZAURÍN","mu":"Ateca"
"nc":"CASTILLO QADRIT","mu":"Cadrete"
"nc":"LAS VIÑAS","mu":"Fuendejalón"
"nc":"MATEO VALERO","mu":"Alfamén"
"nc":"PUERTA DE ARAGÓN","mu":"Ariza"
"nc":"L' ALBADA","mu":"Bujaraloz"
"nc":"MARÍA MOLINER","mu":"Burgo de Ebro (El)"
"nc":"FABARA-NONASPE DOS AGUAS","mu":"Fábara"
"nc":"DEL EBRO","mu":"Gelsa"
"nc":"VICORT-ISUELA","mu":"Frasno (El)"
"nc":"LA HUECHA","mu":"Magallón"
"nc":"ORBA","mu":"Muel"
"nc":"LA CEPA","mu":"Paniza"
"nc":"LA SABINA","mu":"Villafranca de Ebro"
"nc":"LOS BAÑALES","mu":"Sádaba"
"nc":"BAJO GÁLLEGO","mu":"Leciñena"
"nc":"TUBALCAÍN","mu":"Tarazona"
"nc":"MIGUEL CATALÁN","mu":"Zaragoza"
"nc":"RINCÓN DE GOYA","mu":"Zaragoza"
"nc":"RAMÓN Y CAJAL","mu":"Zaragoza"
"nc":"ANTONIO BELTRÁN MARTÍNEZ","mu":"Zaragoza"
"nc":"BAIX MATARRANYA","mu":"Maella"
"nc":"VALLE DEL HUECHA","mu":"Mallén"
"nc":"JOAQUÍN TORRES","mu":"Mequinenza"
"nc":"REYES CATÓLICOS","mu":"Sádaba"
"nc":"BENJAMÍN JARNÉS","mu":"Sástago"
"nc":"BENJAMÍN JARNÉS","mu":"Belchite"
"nc":"SABINA ALBAR","mu":"Bujaraloz"
"nc":"MAR DE ARAGÓN","mu":"Caspe"
"nc":"VALLE DE TENA","mu":"Zaragoza"
"nc":"ARTE-MISS ZARAGOZA, CENTRO 1","mu":"Zaragoza"
"nc":"JOSÉ ANTONIO LABORDETA SUBÍAS","mu":"Zaragoza"
"nc":"JOSEFA AMAR Y BORBÓN","mu":"Zaragoza"
"nc":"PARQUE GOYA","mu":"Zaragoza"
"nc":"ARSENIO JIMENO","mu":"Zaragoza"
"nc":"ANGEL RIVIÈRE","mu":"Zaragoza"
"nc":"GIL TARÍN","mu":"Muela (La)"
"nc":"PARQUE EUROPA","mu":"Utebo"
"nc":"EL POMILLO","mu":"Ainzón"
"nc":"DIEGO ESCOLANO","mu":"Longares"
"nc":"PABLO LUNA","mu":"Alhama de Aragón"
"nc":"RAMÓN Y CAJAL","mu":"Pina de Ebro"
"nc":"MONTECANAL","mu":"Zaragoza"
"nc":"AGUSTINA DE ARAGÓN","mu":"Zaragoza"
"nc":"EL ESPARTIDERO","mu":"Zaragoza"
"nc":"LA AZUCARERA","mu":"Zaragoza"
"nc":"REINO DE ARAGÓN","mu":"Puebla de Alfindén ("
"nc":"GALO PONTE","mu":"San Mateo de Gállego"
"nc":"SAN ROQUE","mu":"María de Huerva"
"nc":"OCTAVUS","mu":"Utebo"
"nc":"JEAN PIAGET","mu":"Zaragoza"
"nc":"LUCIEN BRIET","mu":"Zaragoza"
"nc":"VALDESPARTERA","mu":"Zaragoza"
"nc":"MARIE CURIE","mu":"Zaragoza"
"nc":"RÍO SENA","mu":"Zaragoza"
"nc":"ROSALES DEL CANAL","mu":"Zaragoza"
"nc":"FORO ROMANO","mu":"Cuarte de Huerva"
"nc":"CLARA CAMPOAMOR ROGRÍGUEZ","mu":"Zaragoza"
"nc":"TORRE DE LOS ESPEJOS","mu":"Utebo"
"nc":"CATALINA DE ARAGÓN","mu":"Zaragoza"
"nc":"CORONA DE ARAGÓN","mu":"Zaragoza"
"nc":"VADORREY-LES ALLÉES","mu":"Zaragoza"
"nc":"DE LA PUEBLA DE ALFINDÉN","mu":"Puebla de Alfindén ("
"nc":"JULIO VERNE","mu":"Zaragoza"
"nc":"VALDESPARTERA","mu":"Zaragoza"
"nc":"SAN JORGE","mu":"Zaragoza"
"nc":"VILLANUEVA DE GÁLLEGO","mu":"Villanueva de Gálleg"
"nc":"FUNDACIÓN LABORAL DE LA CONSTRUCCIÓN","mu":"Villanueva de Gálleg"
"nc":"VAL DE LA ATALAYA","mu":"María de Huerva"
"nc":"ZARAGOZA SUR","mu":"Zaragoza"
"nc":"PILAR BAYONA","mu":"Cuarte de Huerva"
"nc":"FLORIÁN REY","mu":"Almunia de Doña Godi"
"nc":"DE LA MUELA","mu":"Muela (La)"
"nc":"INTERNACIONAL ÁNFORA","mu":"Cuarte de Huerva"
"nc":"SEGEDA","mu":"Calatayud"
"nc":"EL PICARRAL","mu":"Zaragoza"
"nc":"ARCOSUR","mu":"Zaragoza"
"nc":"VALDESPARTERA III","mu":"Zaragoza"
"nc":"PARQUE VENECIA","mu":"Zaragoza"
"nc":"SOLEDAD PUÉRTOLAS","mu":"Zaragoza"
"nc":"MARTINA BESCÓS","mu":"Cuarte de Huerva"
"nc":"FIGUERUELAS","mu":"Figueruelas"
"nc":"MARÍA ZAMBRANO","mu":"Zaragoza"
